reportcode,reportname
2,–\•—áŒx•ñ
3,‘å‰JŒx•ñ
4,^…Œx•ñ
5,–\•—Œx•ñ
6,‘åáŒx•ñ
7,”g˜QŒx•ñ
8,‚’ªŒx•ñ
9,“y»ÐŠQŒx•ñ
10,‘å‰J’ˆÓ•ñ
12,‘åá’ˆÓ•ñ
13,•—á’ˆÓ•ñ
14,—‹’ˆÓ•ñ
15,‹­•—’ˆÓ•ñ
16,”g˜Q’ˆÓ•ñ
17,—Zá’ˆÓ•ñ
18,^…’ˆÓ•ñ
19,‚’ª’ˆÓ•ñ
20,”Z–¶’ˆÓ•ñ
21,Š£‘‡’ˆÓ•ñ
22,‚È‚¾‚ê’ˆÓ•ñ
23,’á‰·’ˆÓ•ñ
24,‘š’ˆÓ•ñ
25,’…•X’ˆÓ•ñ
26,’…á’ˆÓ•ñ
27,‚»‚Ì‘¼‚Ì’ˆÓ•ñ
29,“y»ÐŠQ’ˆÓ•ñ
32,–\•—á“Á•ÊŒx•ñ
33,‘å‰J“Á•ÊŒx•ñ
34,^…“Á•ÊŒx•ñ
35,–\•—“Á•ÊŒx•ñ
36,‘åá“Á•ÊŒx•ñ
37,”g˜Q“Á•ÊŒx•ñ
38,‚’ª“Á•ÊŒx•ñ
39,“y»ÐŠQ“Á•ÊŒx•ñ
42,–\•—áŠëŒ¯Œx•ñ
43,‘å‰JŠëŒ¯Œx•ñ
44,^…ŠëŒ¯Œx•ñ
45,–\•—ŠëŒ¯Œx•ñ
46,‘åáŠëŒ¯Œx•ñ
47,”g˜QŠëŒ¯Œx•ñ
48,‚’ªŠëŒ¯Œx•ñ
49,“y»ÐŠQŠëŒ¯Œx•ñ